Login ID,Repo Count,Follower Count,Member Since
erinata,85,93,20101223
sco,32,513,20080216
voodootikigod,125,660,20080219
piclez,39,48,20080224
brianleroux,360,1741,20080226
coty,73,66,20080227
clarkbw,82,391,20080304
orlin,43,51,20080306
jacques,386,90,20080307
baron,24,41,20080309
stinie,138,52,20080313
thomd,105,25,20080318
quinn,134,65,20080325
jevon,2,40,20080402
hlb,40,227,20080403
eoin,4,86,20080403
thekvn,23,39,20080407
jhaynie,112,374,20080409
wilsonminer,7,99,20080409
asoltys,204,149,20080416
collin,236,178,20080418
fling,4,26,20080505
peterpunk,4,47,20080508
diclophis,106,120,20080513
jaredhanson,408,3418,20080515
rchk,9,33,20080516
mlynch,122,1313,20080522
grantmichaels,10,48,20080621
frozzare,296,208,20080622
johnantoni,535,118,20080630
silentrob,112,316,20080704
roy,35,15,20080304
Wijnand,12,16,20080610
arjan,239,168,20080915
archan937,66,82,20090208
bulters,75,13,20090223
michaelkoper,38,23,20090517
sajoku,99,17,20100907
chrisobdam,4,6,20110224
pomazanbohdan,11,6,20110329
evinw,8,1398,20110611
jameskyokushin,30,19,20110804
ssleptsov,29,100,20111203
innomarkglobal,0,14,20121010
grdw,6,21,20121029
ayeminag,28,27,20121030
KevinHock,39,4695,20121219
Frenchcooc,21,47,20130113
cusspvz,159,7743,20130215
VagrantStory,9,1987,20130405
Xyphex,9,5,20130627
gabrielpconceicao,24,1878,20130731
Hamz-a,33,189,20130828
oerorrloigd,204,1224,20130919
angusshire,18,12326,20131107
dalinhuang99,-1,-1,0
takwpoc,9,30,20140129
MichalPaszkiewicz,66,5384,20140213
dplewis,120,1748,20141118
pengliheng,-1,-1,0
Bitonics,2,75,20180123
kaichen,52,381,20080328
dejan,19,148,20080403
huacnlee,120,4686,20080407
ynog,17,52,20080408
hsytlpboo,96,629,20080409
winfield,13,41,20080412
tomlion,46,162,20080419
eoeberhn,25,190,20080422
cashplk,2,29,20080424
ysorigin,7,29,20080508
sishen,57,675,20080522
RobinWu,50,32,20080608
jlisbz,82,21,20080611
pmq20,202,765,20080611
crazycode,212,67,20080622
saberma,37,675,20080626
liangwenke,37,31,20080904
caingougou,6,27,20080927
ogeali,18,15,20080928
lidaobing,119,619,20081004
ahzkao,9,10,20081029
yatwql,61,6,20081107
lnsoso,849,0,20081108
nhnkete,121,83,20081108
sorrycc,202,12816,20081118
doitian,191,324,20081121
tualatrix,102,1410,20081121
ihcunz,27,161,20081127
xiaods,209,385,20081202
yorzi,72,116,20081208
mehdimays,57,18,20110515
rueeiluqdaenr,1,1,20121002
lumberjackchef,8,15,20140523
Kakise,60,1078,20160424
MafujShikder,23,1517,20171214
shmuel7e,12,17,20181005
jm,132,509,20080129
skyfallsin,20,70,20080226
adambair,61,112,20080226
mbleigh,147,885,20080227
anrenidblm,118,144,20080229
cselmer,24,79,20080304
brentmc79,20,55,20080310
onnenajaostnhl,2,50,20080321
naffis,28,73,20080325
rayvinly,11,313,20080326
jondkinney,73,95,20080403
thadd,22,63,20080403
raecoo,20,98,20080404
yong,17,52,20080408
xanj,103,1042,20080409
poshboytl,96,629,20080409
lgn21st,92,679,20080413
eeerbhno,25,190,20080422
isfpalsers,18,86,20080426
peteonrails,67,83,20080507
giskiw,57,108,20080513
ssoper,52,89,20080605
rociiu,76,112,20080910
davidpots,46,77,20081016
tomz,132,111,20081101
knpftouy,86,1291,20080115
tamos,170,1270,20080122
jcrosby,28,184,20080207
ellelleoooll,1406,317,20080213
bumi,172,395,20080216
brupm,31,56,20080217
tbtre,17,39,20080220
luke0x,27,93,20080226
rmoriz,82,176,20080228
lgs,1076,146,20080228
xavi,15,39,20080228
chipski,18,25,20080304
adamstac,103,734,20080312
jcfischer,72,54,20080314
lazzarello,152,169,20080326
yberlke,233,202,20080402
beppu,41,128,20080403
azisaka,1,72,20080403
ivanoats,359,290,20080403
tbaro,36,447,20080404
lostinpatterns,16,12,20080405
darwin,143,706,20080406
ikj,10,15,20080408
cnhghnuo,3,6,20080413
membogg,4,17,20080416
bcurren,33,39,20080427
watson,388,1723,20080517
igrigorik,75,8404,20080518
ainaltflaesr,239,59,20100613
rodrigooler,204,1224,20130919
ijagjeet,41,2230,20181219
superisaac,59,62,20080604
blnau,86,134,20081120
jserv,113,3403,20101112
trietptm,198,1355,20101217
mbautin,144,1328,20110108
KJlmfe,65,95,20111203
ChunMengLu,13,136,20120808
iHkKvonec,39,4695,20121219
ankitshah009,1466,145,20130209
eeahdh,1,641,20130512
vlordier,33,375,20130912
SummerCHINA,1,1,20131114
ddjjj,0,0,20131211
tchnorider,16,290,20150904
Lisprez,411,1154,20150923
Linux-Player,2,1200,20161010
snemil,2,680,20170310
xiaolan98,20,5,20170913
andresurepno,0,11,20171207
s6dyl,-1,-1,0
xabaihuo,11,3,20180923
snowwhite-boss,-1,-1,0
glhewett,30,18,20080418
springnet,3,4,20080614
herestomwiththeweather,47,58,20080707
codeodor,108,37,20080906
cmavromoustakos,23,32,20090803
benwbrum,26,86,20100209
mashiox,47,52,20100618
davesag,121,82,20100904
shpytalenko,54,2,20110120
ssdavenport,14,9,20110527
itayheplae,38,22,20111004
psbioZh,47,58,20111019
akragcbienen,31,141,20151110
eaxVauMl,35,41,20120217
shamio,2,663,20120311
egxxayla,2,1,20120313
HkvioecKn,39,4695,20121219
aachokey,21,41,20130527
atsiarenia,2,14,20131021
irsshaegun,18,12326,20131107
hnujisolin,3,1,20150304
bbeinhoasyb,28,9,20150307
danielirimia,27,17,20150401
mekze-eli,32,18,20150423
pennyone00,0,2,20151029
laurenrenaud,22,11,20160109
ATiFrcMSEt,4,9,20160219
laconc,8,17,20160712
husvmcaetegl,28,28,20160726
thezedwards,497,569,20161212
pablete,25,72,20080219
tel,195,212,20080227
anandkunal,7,100,20080228
ask,86,1896,20080228
jiahao,142,588,20080229
mmcgrana,60,1073,20080306
mm1t,314,2354,20080308
mokeefe,1,20,20080325
ttriche,176,176,20080402
gdeglin,26,56,20080404
dehora,46,85,20080406
ryanking,34,247,20080407
mrflip,144,269,20080409
dcreager,89,231,20080415
dlwh,47,295,20080507
jmalonzo,67,83,20080601
idtuwnihtelts,1,274,20080601
fredrik,58,72,20080606
jonbaer,293,166,20080610
massie,39,120,20080804
EricPKerr,56,36,20080811
fmu,2,6,20080825
aparo,151,149,20081008
so,0,20,20081021
gourneau,75,69,20081022
ret,19,37,20081109
osteklalr,24,56,20081118
linkerlin,311,155,20081128
matteobertozzi,23,65,20081204
abradsrvtyi,58,94,20081204
cwsaylor,25,41,20080214
daegr,129,52,20080912
miamiruby,130,58,20081016
maca,91,101,20081019
mianeihcxtegamra,2,6,20081025
maggit,50,279,20081107
willywg,41,45,20090101
jjuarez,126,52,20090120
hciorildcel,161,120,20090125
endymion,97,26,20090206
xalakox,22,28,20090317
carlitos,27,82,20090325
christianrojas,11,36,20090604
scifisamurai,12,32,20090928
uokesita,64,178,20091013
guilleiguaran,258,623,20091202
shmangles,3,2,20100123
hgrncu,72,79,20100323
hugoerg56,31,20,20100521
betacar,27,36,20100706
mattsgarrison,78,17,20100812
iamhabitat,24,8,20100916
gbrtoaleg,47,90,20101024
Chelo,5,10,20110129
ajsb85,438,925,20110311
esneider,47,145,20110313
ainame,139,291,20110424
cdemeasntjoosoe,11,48,20110501
javadabadoo,21,30,20110505
ahmetabdi,154,709,20110509
alfredwesterveld,52,64,20080413
morganrallen,107,54,20080902
aral,498,620,20081220
mattorb,39,44,20090309
elango,73,43,20090320
andresdouglas,33,21,20090410
leereilly,402,1733,20090831
rnfrkaa,51,26,20090916
jrkzate,89,59,20091113
Skyhoper,1,4,20091117
SbnaepuwC,8,107,20091207
adkdev,5,27,20100303
ienaPocr,49,98,20100306
watcherdm,104,56,20100505
broccolini,43,1956,20100717
gavinuhma,28,147,20100917
marothstein,41,49,20101012
jefftrudeau,9,8,20101119
eliwefr,127,101,20110408
yjnyab,25,15,20110509
STUNT101,0,71,20110515
josephhabib,5,4,20110715
Hungsta,4,32,20110728
wemeetagain,75,130,20120118
oggata,162,46,20120120
tigefa4u,265,456,20120302
JSansalone,8,281,20120608
bjsaca,53,853,20120922
zulhfreelancer,205,157,20130129
shanesveller,102,96,20080225
ianv,6,144,20080403
nyartm,238,156,20080403
teehemkay,12,20,20080404
dejanr,43,56,20080726
bbigras,170,36,20080910
RobLoach,791,372,20080918
godane,31,14,20081007
h4ck3rm1k3,1247,563,20081117
joachifm,29,47,20081221
jb55,536,399,20090110
newhoggy,74,84,20090313
stigtsp,152,77,20090419
Juiceman,22,4,20090426
plumenator,83,78,20090711
rohithadassanayake,5,526,20090730
573,134,78,20090906
samueldr,110,152,20090929
aycanirican,55,77,20091005
majorgreys,45,41,20091119
sbrsoaib,27,12,20100204
aviraldg,75,117,20100407
terlar,100,111,20100518
snvihualMasE,193,98,20100609
fabianhjr,12,75,20100613
pbcha,146,92,20100716
ncxk,37,18,20100814
wolfflow,67,56,20100820
timothyklim,229,174,20100904
Boyquotes,163,59,20100927
daaku,166,480,20080221
benhiller,15,74,20080227
bsujoiph,40,56,20080610
eston,9,141,20090123
traiem,16,49,20090124
keito,2,82,20090622
idmensrgx,15,446,20090903
cffeteato,68,249,20091012
liveink,76,36,20091027
doamnnladylRaCr,31,79,20100505
dennispi,7,9,20100903
hj91,197,32,20100912
BrianGator,0,5,20110114
yuanwencong,4,10,20110318
rajanand,31,46,20110827
selimozergun,4,9,20110906
obfuscat3d,1,11,20111010
ramoem,0,0,20111126
Ryanfahiramaulana,0,3,20111129
Zer0Root,3,158,20120102
waibo,190,46,20120103
ChrisMoney,0,26,20120115
kmarrivnunhti,116,43,20120207
peterprokop,74,39,20120226
rajeshvv,168,38,20120307
JurandyBitConnect,3,10,20120620
drewmeyers,1,31,20120818
gnashe,2,31,20120830
csjaba,53,853,20120922
abhiyerra,129,62,20080411
brianmario,33,855,20080526
DoktahWorm,10,11,20091011
hmcfletch,35,16,20081102
fcaueaoirb,109,99,20081209
jpf,157,288,20081219
hellojwilde,49,44,20090105
miSi,40,50,20090105
minglecm,35,78,20090110
gcollazo,89,420,20090307
allangrant,15,35,20090312
kanzure,160,474,20090703
seanahrens,18,15,20090729
adamJLev,40,27,20100123
danstorms,7,8,20100809
naharris212,0,5,20101124
rchadvudkia,26,28,20101130
obrlrjbeaaad,11,47,20110510
SourceBoy,6,3,20110516
jsonmaur,32,183,20110712
macressler,947,300,20111116
MnkyPwz,20,17,20120101
toxtli,1150,2113,20120102
Bunlong,215,1866,20120106
b3bakyt,16,3,20120223
dumpytown,2,11,20120504
casjba,53,853,20120922
2rbyo4bbor,10,8,20121010
nrmjnmabibowen,130,43,20121011
mountain,67,262,20080225
2ncijk20,1,20,20140332
ZenCocoon,73,36,20080516
wouterdebres,3,6,20080519
henrygarner,109,82,20080914
shanx,80,32,20081006
andreypopp,444,865,20081023
uxuraitvmeaha,127,96,20081205
stonegao,140,292,20081222
bobpoekert,97,85,20090110
ticean,62,75,20090115
karsthammer,49,13,20090323
kirillsalykin,23,13,20091007
bcambel,74,113,20091025
adsvidlef,3,13,20091201
alexanderdean,6,204,20100209
oktraurmkp,143,21,20100218
pereferrera,19,47,20100427
RaymondCrandall,31,79,20100505
vizanto,55,60,20100708
gijzelaerr,167,154,20100708
hgtnsnaa-,54,24,20100713
domenicosolazzo,426,206,20100903
igjdechnlmeoib,402,282,20100920
isakib,244,7,20101111
rickbeerendonk,74,81,20101112
musnclmeh,106,83,20101116
andresmasegosa,12,70,20101125
jkakar,66,76,20110113
rbeene,93,40,20090402
pechorin,14,77,20100319
grgkede,50,96,20100425
forresto,108,192,20100911
specious,40,151,20101023
MattMcFarland,139,243,20110217
mrklaw,2,1,20111114
mohitmun,86,75,20120325
kialam,31,5,20120906
sajcba,53,853,20120922
svupczs,159,7743,20130215
yikaraman,34,5,20130918
wMilhzPzicceaskai,66,5384,20140213
orrasdiinegr,10,4,20140717
bitsondatadev,28,413,20140825
dalinnen,1,5,20141104
ypersyntelykos,61,669,20141218
jbelsky,28,6,20150129
y-ke,7,11,20151024
chrisketchel,0,1,20151216
zhanknight,12,2,20160716
dehine,10,1,20170116
seabre,105,71,20081222
biomunky,51,22,20090326
carld,130,120,20090714
catull,33,34,20091107
sidorares,163,788,20091228
tdaelm,38,33,20100131
radka,55,138,20100208
honnung,2,1,20110222
osteotek,23,22,20110304
nwevi,8,1398,20110611
janfilips,14,47,20110623
hemantasapkota,46,108,20110705
rcullito,67,43,20110712
yenda,70,49,20111108
fiaeslqucl,64,80,20111126
kumavis,436,1167,20120226
zhchang,20,18,20120312
nabn,27,37,20120430
r1n4a2i0,158,281,20120526
viralpandya,14,15,20120726
bbss,45,35,20121109
priornix,9,21,20130225
vladanghene,71,33,20130305
sakuakha,7,0,20130409
aiazanklkm,16,210,20130415
resdo,66,211,20130927
zhenglu0,37,699,20131007
STRd6,234,782,20080730
ronenhamias,47,1589,20120504
oKciknHve,39,4695,20121219
onikdireyemm,3,14,20130226
m49an5xla,69,9,20130313
enhagsrusi,18,12326,20131107
0cy1rche1,122,5,20140214
lgeh-ogedSealyeop,133,50,20140825
sonmio,3,28,20170109
pablogarriga,32,6,20170904
opengineer,22,3043,20171016
ishiramn,13,20,20080526
fortune,11,6,20090106
singerdmx,15,446,20090903
shsiagnrue,18,12326,20131107
shennsijktu,78,272,20141222
steffanjensen,107,411,20150718
q00nshn2eig8,55,99,20170206
verejava,5,1000,20180525
ky-bot,1,300,20200508
adampatterson,49,56,20081028
ivansf,14,24,20090129
nvkKeiHoc,39,4695,20121219
TroyDWhite,10,7,20130210
ssirgueanh,18,12326,20131107
JaiiRashad34,6,1,20180112
ahmedalazazy,298,235,20190612
Asmae-salhi,4,1,20200402
msakazo,2,1,20200525
MintThitiratChamnan,14,26,20210801
geeaurewne,253,301,20081203
datapimp,78,102,20081228
throughnothing,152,122,20090309
ekeons,39,265,20090317
thejeshgn,299,686,20090421
Neustradamus,42,445,20090714
carlos8f,238,302,20090720
alexindigo,183,125,20090915
martindale,1691,470,20090922
ijohrcparsdn,167,1187,20091107
miguelmota,543,1530,20091216
aprock,4,22,20091225
oevxt0-r,114,199,20100405
shovon,169,159,20100523
RichAyotte,29,36,20100603
alexeykudinkin,29,42,20101005
lmatteis,79,190,20101224
raisty,31,72,20101227
karlsnyder0,6,5,20110225
mattvick,75,7,20110304
ksetrin,34,9,20110317
fijiwebdesign,121,18,20110525
kantmakm,19,6,20110606
eeaknpvos,186,106,20110626
marko-jankovic,8,136,20110711
grisaitis,72,42,20110711
martinheidegger,385,316,20110714
onsails,165,194,20090721
suenot,311,83,20120210
hffke927,50,186,20120927
bobomurod,89,120,20130131
aikomkj,28,11,20150414
mstraughan86,27,5886,20150912
artemii235,42,62,20151109
soldat13,6,39,20160602
KaterinaToy,0,19,20200208
tsrj,7,14,20090304
astnusov,33,24,20120402
ckoHinevK,39,4695,20121219
migueljulio,20,3,20140212
tentone,38,240,20141011
FranciscoJGuz,9,121,20151029
imbi7py,0,0,0
s210owod9n,0,10,20190306
dsnantio,21,24,20080407
mattn,1833,9790,20080513
odunfn,105,831,20081007
x2c3z4,29,98,20110724
adyliu,16,272,20111104
eigojanf,32,18,20111221
korirto,40,2639,20111230
onemouth,18,26,20120204
buffer8848,51,36,20120717
krisjin,122,132,20121019
mikegwhit,11,1027,20121205
gifkwii,42,11,20130320
hehead,1,641,20130512
fastcoinproject,6,30,20130528
russinhgae,18,12326,20131107
johnbey,2,0,20131204
jkk2h,1,120,20151105
lezasantaizi,35,25,20140613
drybeans,63,16,20140826
crDia0Nti,10,34,20150630
neyP-liuaLrx,2,1200,20161010
afmQZYenre,1647,168,20170104
krodyx,762,166,20170224
mengcoin,2,16,20180115
Jungjaegu,20,9,20180525
batsuuri,3,0,20120607
InduprasadSR,11,345,20150430
ydearsnb,63,16,20140826
rtacD0Nii,10,34,20150630
freemanZYQ,1647,168,20170104
ydkxro,762,166,20170224
mocgnnei,2,16,20180115
nJgugueaj,20,9,20180525
ssevlostp,29,100,20111203
nioHkvecK,39,4695,20121219
erravimishracse,22,356,20160713
leaoGrpoNy,4,11,20170506
vcst,64,51,20080407
nrtwaniei,11,77,20080515
tosh,73,272,20080624
fundon,105,831,20081007
bluet,66,150,20090202
atlecnw,257,175,20090310
nies,36,9655,20090402
uair,30,140,20090529
rasata,1780,50,20090609
zmughal,256,488,20090611
audy,184,331,20090816
gongfuPanada,1605,14,20090829
fly51fly,11,3459,20090919
keix,4,17,20091027
mrrsiqua,178,114,20091205
suneil,36,15,20091209
manihrje,0,3,20100317
rfilipo,50,36,20100318
andy-williams,46,40,20100411
robbinhan,154,70,20100412
batermj,2384,1429,20100423
WillemJan,35,0,20100501
kjaylee,168,40,20100504
greysun,103,38,20100515
GabiThume,34,80,20100527
73933t35,45,15,20100528
johndpope,8082,664,20100528
botsbrain,10,142,20100601
kima2081i,40,425,20100230
EmpeRoar,246,31,20100630
sudachen,146,53,20080228
norazm,108,252,20080510
jpzk,107,113,20081030
wedtm,43,27,20081104
edagonzlz,90,170,20090906
influx6,689,302,20090926
sothgaiz,149,96,20091016
gregzuro,30,21,20100402
dadaphl,18,37,20100925
toinAtJeannn,50,104,20101129
almartin82,72,80,20110511
hieple7985,33,47,20110608
xaviarias,16,58,20110626
jhonsu01,41,33,20120531
mortdeus,91,101,20120621
ckabuya,38,2,20120821
yh0ers,20,26,20121019
jondo89,10,241,20121126
lrettig,86,219,20130119
rikonor,97,20,20130127
ales9000,6,21,20130206
kinkin10,226,910,20110413
dendisuhubdy,2885,506,20130520
pkrasam,295,52,20130524
gaocegege,397,2379,20130727
yyeexxhhh,10,18,20130820
manjotkhangura,2,0,20140111
gzri-,9,0,20140122
iamgilwell,33,98,20140222
peterp,30,413,20090107
vilmibm,105,534,20090624
canvaspixels,37,29,20120119
Voidious,4,17,20120725
jake100,57,1817,20131028
rob4lderman,36,7,20131202
algebric,4,2284,20140305
vkandola,153,1608,20140421
AdiChat,20,3216,20150121
ArefMq,28,2831,20150207
franklsm1,37,6,20150915
AlexxNica,6666,782,20150917
jessuppi,13,425,20160229
ilmalte,26,56,20160305
una-tapa,28,2,20160723
imArafatHussein,1,4123,20160825
VinayMavani,2,17,20171009
iamfredrickokereke,250,62,20180412
kj2houli,15,26,20150102
curv3ball,7,74,20180510
codingscode,171,1306,20190505
pshc,55,33,20080411
mikeyb,26,123,20081124
slpsys,29,21,20090310
etykdueicnshp,55,36,20090910
j15e,62,80,20091022
deliabdrsov,51,69,20091208
KokaKiwi,203,151,20100115
cburgdorf,133,413,20101213
erynofwales,28,52,20110330
poguez,79,122,20110415
iorch,38,47,20110711
mogox,28,42,20110719
lcampos,17,36,20110911
rjaydov,203,178,20111001
victor-vargas2009,12,7,20111024
NatashaTheRobot,123,1583,20111028
helloworld-cat,33,38,20120122
hm1lry9,10,585,20120132
pcgphiasrpx,156,34,20120419
SeanReid,37,3,20120822
haozeng,18,21,20120928
215eight,9,3,20130219
jescriba,38,21,20130322
ontnajacorhi,29,24,20130517
sai43,202,18,20130531
ariusay,54,962,20130723
cnd,15,0,20121026
Rady,43,18,20090826
m1kal,24,0,20161126
